clause_text,true_label,predicted_label
"Unless a Participant’s employment agreement with the Company or an Affiliate states otherwise, if a Participant’s employment is terminated without Cause (other than due to death or Disability) or for Good Reason during a Performance Period or following a Performance Period but before the date that Awards are paid, the Participant will be paid a Pro-rated Award (in the case of termination during a Performance Period) or the Award that would otherwise be payable if the Participant remained employed through the date that Awards are paid (in the case of termination following a Performance Period but before Awards were paid). Payment of such Pro-rated Award or Award, as applicable, will be made at the same time and in the same manner as Awards are paid to other Participants.",Termination,Payment
"This Agreement (including its Exhibit 1) (a) shall be fairly interpreted in accordance with its terms and without any construction in favor of or against either party, regardless of which party drafted this Agreement (including its Exhibit 1) or any particular provision hereof, (b) shall be governed by and construed in accordance with the laws of the State of Arizona, excluding any choice of law principles, (c) contains the parties’ entire agreement, arrangement, and understanding regarding its subject matter, and supersedes any prior or contemporaneous agreements, arrangements, or understandings, whether written or oral, including under any employment or other agreement; provided that nothing in this Agreement (including its Exhibit 1) shall supersede the terms of the Employee Proprietary Information Agreement dated on or about October 11, 2004; the Confidentiality & Invention Ownership Agreement dated on or about November 8, 2004; the Equity Awards listed in Section 4 hereof; or the Plan (collectively, the “Surviving Agreements”), all of which will remain in full force and effect in accordance with their terms, and (d) may not be modified, amended, discharged, or terminated, nor may any of its provisions be varied or waived, except by a further written agreement signed by Executive, on the one hand, and the CEO, on the other hand. Executive further acknowledges and agrees that he is not entitled to receive, and will not claim, any right, benefit, compensation, or relief other than what is expressly set forth in this Agreement.",Governing Law,Confidentiality
"The Restricted Period with respect to Restricted Stock and Restricted Stock Units shall lapse in such manner and on such date or dates or upon such event or events as determined by the Committee including, without limitation, those set forth in Section 5(a) of the Plan; provided , however , that notwithstanding any such dates or events, the Committee may, in its sole discretion, accelerate the vesting of any Restricted Stock or Restricted Stock Unit or the lapsing of any applicable Restricted Period at any time and for any reason. The terms and conditions with respect to the treatment of Restricted Stock or Restricted Stock Units, as applicable, in the event of a Participant’s Termination shall be determined by the Committee and reflected in the applicable Award Agreement.",Termination,Payment
"This Agreement shall be governed by, construed, and enforced in accordance with the Laws of the State of Texas, without regard to any choice of law principles that would require the application of the Laws of any other jurisdiction, PROVIDED, HOWEVER, THAT NO LAW, THEORY, OR PUBLIC POLICY SHALL BE GIVEN EFFECT WHICH WOULD UNDERMINE, DIMINISH, OR REDUCE THE EFFECTIVENESS OF EACH PARTY’S WAIVER OF SPECIAL, INDIRECT, CONSEQUENTIAL, PUNITIVE, AND EXEMPLARY DAMAGES SET FORTH IN SECTION 19.9 OR WAIVER OF THE RIGHT TO CERTAIN REMEDIES SET FORTH IN SECTION 19.10 , IT BEING THE EXPRESS INTENT, UNDERSTANDING, AND AGREEMENT OF THE PARTIES THAT SUCH WAIVERS ARE TO BE GIVEN THE FULLEST EFFECT, NOTWITHSTANDING ANY PRE-EXISTING CONDITION OR THE NEGLIGENCE (WHETHER SOLE, JOINT, OR CONCURRENT), GROSS NEGLIGENCE, WILLFUL MISCONDUCT, STRICT LIABILITY, OR OTHER LEGAL FAULT OF ANY PARTY HERETO, OR OTHERWISE.",Governing Law,Liability
"Upon demand by Secured Party, the Personal Guarantor will immediately make each payment required of Seller under the Agreement.",Liability,Payment
The meaning of this term is set forth in Subsection III(b).,Termination,Payment
"This Section 5 to this Sixth Amendment shall apply only to and during the period commencing from the Sixth Amendment Effective Date and concluding on December 31, 2024. Absent a subsequent amendment or restatement executed between the parties to the contrary, effective January 1, 2025, Sections 3.9(e)(iv) and 4.1 to the Agreement shall revert to their prior terms without giving effect to this Sixth Amendment and Section 4.1.1 shall expire. Notwithstanding the foregoing, with respect to any Impeding Event that commences on or after the Sixth Amendment Effective Date and prior to January 1, 2025 but has not been resolved by December 31, 2024, Section 5(C) to this Sixth Amendment shall apply.",Payment,Termination
"The Participant agrees to abide by Participant’s  “Confidentiality, Noncompetition and Invention” Agreement with the Company.",Non-Compete,Confidentiality
"You will not, without the written consent of the Company, either during your employment with your Employer, the Company or any of its Subsidiaries or thereafter, disclose to anyone or make use of any confidential information which you have acquired during your employment relating to any of the business of your Employer, the Company or any of its Subsidiaries, except as such disclosure or use may be required in connection with your work as an employee of the Company. During your employment with your Employer, the Company, or any of its Subsidiaries, and for a period of two (2) years after the termination of such employment, you will not, either as principal, agent, consultant, employee or otherwise, engage in any work or other activity in competition with the Company in the field or fields in which you have worked for your Employer, the Company or any of its Subsidiaries. The provisions in this Section 9 apply separately in the United States and in other countries but only to the extent that its application shall be reasonably necessary for the protection of your Employer, the Company or any of its Subsidiaries. You will forfeit all rights under this Award Notice to or related to the Performance Shares if, in the determination of the Committee (in the case of executive officers) or of the executive officer responsible for Human Resources (in the case of non-executive employees), you have violated any of the provisions of this Section 9, and in that event any payment or other action with respect to the Performance Shares shall be made or taken, if at all, in the sole discretion of the Committee or the executive officer responsible for Human Resources.",Confidentiality,Non-Compete
"Executive expressly acknowledges that but for this Consulting Agreement, he would not otherwise be entitled to any of these payments and any payment he receives under this Consulting Agreement is sufficient consideration for his release and waiver of claims and the other obligations that he has agreed to undertake in this Consulting Agreement.",Termination,Payment
"This Guaranty shall terminate upon the earlier of (i) such time as the Debt has been indefeasibly paid in full, and there has expired the maximum possible period thereafter during which any payment made by Borrower or others to Lender with respect to the Loan could be deemed a preference under the Bankruptcy Code or (ii) subject to Borrower confirming in writing to Administrative Agent, in a manner reasonably satisfactory to Administrative Agent (which may include, at Administrative Agent’s request, a modification to the Loan Documents reflecting the same), that Borrower waives the right to perform any additional Permitted Alteration either (A) the payment and/or performance in full of the Guaranteed Obligations or (B) the payment of all costs incurred in connection with the Work without any lien having been filed, and the expiration of the statutory mechanic’s lien period applicable to such work without any lien having been filed, provided, however, that if a lien is filed during such period (or after such period, but only if under applicable law such lien “relates back” to the date of the filing of any prior lien) then this Guaranty shall survive as to such claim of lien (and any other lien which may “relate back” as a result of the filing of such lien) until such claim is finally resolved and, if applicable, paid in full and such lien is discharged.",Termination,Payment
"As an employee of the Company, you will have access to certain confidential information of the Company and you may, during the course of your employment, develop certain information or inventions that will be the property of the Company. You acknowledge that you have signed and are bound by the terms of the Company’s standard “Employee Invention Assignment and Confidentiality Agreement.” During the period that you render services to the Company, you agree to not engage in any employment, business or activity that is in any way competitive with the business or proposed business of the Company. You will disclose to the Company in writing any other gainful employment, business or activity that you are currently associated with or participate in that competes with the Company. You will not assist any other person or organization in competing with the Company or in preparing to engage in competition with the business or proposed business of the Company.",Confidentiality,Non-Compete
"Restricted Stock and Restricted Stock Units shall vest, and any applicable Restricted Period shall lapse, in such manner and on such date or dates or upon such event or events as determined by the Committee; provided , however , that notwithstanding any such dates or events, the Committee may, in its sole discretion, accelerate the vesting of any Restricted Stock or Restricted Stock Unit or the lapsing of any applicable Restricted Period at any time and for any reason.",Termination,Payment
"Performance-based Awards shall vest with respect to each performance measurement tranche completed during the Performance Period prior to the termination or resignation (or, if the Performance Period is not divided into separate performance measurement tranches, proportionately based on the portion of the Performance Period completed prior to such resignation or termination and expressed in terms of the total of completed months out of the total number of months within the Performance Period), with payment to be made, based on actual performance, in cash or stock at such time as specified in the Award Agreement.",Payment,Termination
"Concurrently with the execution of this Agreement, the Employee is executing the Non-Disclosure and Non-Competition Agreement, which is attached hereto as Appendix 2 , and which is an integral part hereof.",Confidentiality,Non-Compete
"If the Company terminates the Consulting Period and Consultant’s Services hereunder without Cause (as defined below) after the three-month anniversary of the Transition Date, then, subject to Consultant’s timely execution and non-revocation of a general release of claims in a form prescribed by the Company (and notwithstanding anything in Section 4 hereof to the contrary), the Company shall pay Consultant $10,000, in a single lump-sum payable on the 30th day following the termination date.",Termination,Payment
"Employee acknowledges that Employee is in possession of and has access to confidential information of the Company and its Subsidiaries, including material relating to the business, products and services of the Company and its Subsidiaries, and that he or she will continue to have such possession and access during employment by the Company and its Subsidiaries. Employee also acknowledges that the business, products and services of the Company and its Subsidiaries are highly specialized and that it is essential that they be protected. Accordingly, Employee agrees to be bound by the terms and conditions set forth on Attachment II, which is incorporated herein by reference, including all rules, procedures, policies and requirements that the Company may promulgate consistent with Attachment II.",Confidentiality,Non-Compete
"Loosbrock will agree and adhere to the confidentiality, non-solicitation, and non-competition covenants in Section 9 as material terms of this Separation Agreement.",Confidentiality,Non-Compete
"The Borrower may, on at least three (3) Business Days’ written notice to the Agent, not later than 12:00 p.m. New York City time on such day, prepay any of the Tranche One Loan or the Tranche Two Three Loan in whole or in part without premium or penalty (together with accrued and unpaid interest to the date of prepayment on such prepaid amount); provided , however , that each partial prepayment that is not of the entire outstanding amount of any Loan shall be in an aggregate amount that is an integral multiple of $ 1,000,000. 1,000,000; provided, further, that no prepayment of the Tranche Three Loan may be made until the Tranche One Loan has been Paid in Full. The Borrower may also, on at least three (3) Business Days’ written notice to the Agent, not later than 12:00 p.m. New York City time on such day, terminate this Agreement and Borrower’s liabilities hereunder without premium or penalty by paying to the Lender or the Tranche Three Lender the full amount of all outstanding Obligations owed to the Lender or the Tranche Three Lender (other than inchoate indemnification obligations) , as applicable .",Termination,Payment
"Employee acknowledges and agrees that Employee has continuing non-competition, non-solicitation and non-disclosure obligations under the Employment Agreement and the Employee Innovations and Proprietary Rights Assignment Agreement between Employee and Company (the “ Proprietary Rights Agreement ”) . Employee acknowledges and reaffirms Employee’s obligation to continue abide fully and completely with all post-employment provisions of the Employment Agreement and the Proprietary Rights Agreement and agrees that nothing in this Agreement shall operate to excuse or otherwise relieve Employee of such obligations.",Confidentiality,Non-Compete
"Except as provided herein, from and after the Effective Date, each of the Manager Parties shall not, and it shall cause its Affiliates to not, enter into any new agreements or arrangements for the management of self-storage and/or mini-warehouse facilities within any Covered Territory (as such term is defined both herein and in each other Facilities Portfolio Management Agreement) without the Operating Partnership's prior written consent, which consent may be withheld in the Operating Partnership's sole and absolute discretion. The provisions of this Section 8.2 shall survive the expiration or earlier termination of this Agreement for a period of three (3) years.",Non-Compete,Termination
"Notwithstanding the foregoing, the Company’s obligation to provide severance payments and benefits under this Section 3 is expressly conditioned upon Executive’s ongoing compliance with the confidential information and non-solicitation provisions of the Company’s Corporate Code of Conduct as in effect on the date of Executive’s termination of employment. In the event Executive breaches the terms of the confidential information and non-solicitation provisions of the Company’s Corporate Code of Conduct as in effect on such date, the Company’s obligations under Section 3 shall automatically terminate, without any notice to Executive.",Confidentiality,Non-Compete
"If at any time during the period commencing on Executive’s employment termination date and ending twelve (12) months later, Executive accepts other employment or a professional relationship with a competitor of the Company (defined as either (i) another company primarily engaged in retail sales of products for the home or (ii) any retailer with retail products for the home sales in excess of one hundred million dollars ($100,000,000) annually), or if Executive breaches Executive’s remaining obligations to the Company (e.g., the duty to protect confidential information and intellectual property and the duties not to solicit under the Company’s Corporate Code of Conduct), then the Company’s obligations under this Section 3 will cease such that Executive will not be entitled to any further payments or benefits under this Section 3 and the Company may seek injunctive relief against Executive as specified in Section 8(d) hereof.",Confidentiality,Non-Compete
"The respective obligations and responsibilities of the Issuer, the Servicer and the Trustee created hereby (other than the obligation of the Trustee to make payments to Noteholders as hereafter set forth) shall terminate on the day after the Payment Date following the date on which funds shall have been deposited in the Collection Account sufficient to pay the Notes Principal Amount plus all interest accrued on the Series 2008-A Notes through the day preceding such Payment Date plus all other amounts payable pursuant to the Note Purchase Agreement; provided that, all amounts required to be paid on such Payment Date pursuant to this Indenture shall have been paid.",Termination,Payment
"The   Grantee acknowledges and agrees that the Grantee is bound by and will comply with the Confidentiality and Restrictive Covenant Agreement contained in Appendix C and any other similar agreements that the Grantee has entered into with the Designated Service Recipient, the Corporation, KKR Holdings L.P., KKR Associates Holdings L.P., or any other member of the KKR Group, as applicable, as such agreements may be amended from time to time.  If the Grantee is a limited partner of KKR Holdings L.P. or KKR Associates Holdings L.P., the Grantee further acknowledges and agrees that references to a Confidentiality and Restrictive Covenant Agreement in the limited partnership agreements of KKR Holdings L.P. and KKR Associates Holdings L.P. shall be deemed to include the Confidentiality and Restrictive Covenant Agreement contained in Appendix C hereto.",Confidentiality,Non-Compete
"Except as otherwise provided in the Contribution Agreement (including Sections 5.02(d) and 5.03(c)), effective as of the Effective Date, the Management Agreements and all amendments thereto, and any of the terms and conditions contained therein, shall be void and shall have no effect, and no party thereto shall have any liability to the other party or parties thereto or their respective Affiliates (as defined in the Contribution Agreement), or their respective directors, officers or employees; provided that nothing herein shall relieve any party from liability for any fees or expenses accrued through the Effective Date or for any breach of the Management Agreements that arose prior to the Effective Date.",Termination,Liability
"Landlord and Tenant each acknowledges and agrees that the rent and other amounts payable by Tenant under this Lease (including Base Rent, Additional Rent and all other sums payable under this Lease) are sufficient to properly maintain the Premises, and to enable Landlord to meet its debt service obligations and related expenses in connection with the Mortgage Loan and the Premises. To the extent applicable, unless Lender and Landlord agree otherwise, and without limiting the generality of the foregoing, Tenant agrees to pay, as additional rent, when due all premiums for (i) FHA mortgage insurance, (ii) liability insurance and full coverage property insurance on the Premises, and (iii) all other insurance coverage required under the HUD Loan Documents and/or applicable HUD Program Requirements. Unless Lender and Landlord agree otherwise, Tenant shall be responsible for funding all escrows for taxes, reserves for replacements, mortgage insurance premiums and/or other insurance premiums as may be required by Lender and/or HUD.",Payment,Liability
"Upon the Participant's Separation from Service due to Retirement/Termination, he or she shall be entitled to the Account Balance. The benefit shall be based on the value of that Account as of the end of the month in which Separation from Service occurs or such later date as the Committee, in its sole discretion, shall determine.",Termination,Payment
"As a condition to the effectiveness of this Agreement, Executive will execute and deliver to the Company the Confidentiality, Restrictive Covenant and Proprietary Rights Agreement attached hereto as Exhibit B (the “ Restrictive Covenant Agreement ”). Executive agrees to abide by the terms of the Restrictive Covenant Agreement, which are incorporated by reference into this Agreement. Executive acknowledges that the provisions of the Restrictive Covenant Agreement will survive the termination of Executive’s employment for the periods set forth in the Restrictive Covenant Agreement.",Confidentiality,Non-Compete
"The Award, to the extent earned pursuant to Section 2 ,  will be paid to the Grantee no later than _____________________; provided that the Grantee is not entitled to any such Award if (a) the Grantee’s employment with the Company is terminated prior to the date of payment; (b) if the Compensation Committee of the Company’s Board of Directors (the “ Committee ”) determines that the Grantee has engaged in “Misconduct” (as defined below);  or (c)  the Award is forfeited in accordance with the Company’s Clawback Policy.",Payment,Termination
"As a condition of Participant’s eligibility to receive this Stock Option and regardless of whether such Stock Option vests or is exercised, Participant agrees that he or she will (a) not, directly or indirectly, during the term of Participant’s Employment, and for a period of one year (two years if terminate Employment by reason of Retirement) thereafter, hire, solicit, entice away or in any way interfere with THG’s relationship with, any of its officers or employees, or in any way attempt to do so or participate with, assist or encourage a third party to do so; (b) neither disclose any of THG’s confidential and proprietary information to any third party, nor use such information for any purpose other than for the benefit of THG and in accordance with THG’s policies; (c) not, during the term of Participant’s E mployment, and for a period of one year (two years if terminate Employment by reason of Retirement) thereafter, interfere with or seek to interfere with, THG’s relationships with any of its policyholders, customers, clients, agents or vendors; and (d) at all times comply with (i) THG’s Code of Conduct and other policies and procedures as in effect from time to time, and (ii) any non-competition, non-disclosure, non-solicitation or similar agreement he or she may have with the Company or any of its Affiliates.  The terms of this Section 7 shall survive the expiration or earlier termination of this Agreement.",Confidentiality,Non-Compete
"If, at least one month after the Grant Date but prior to the Vesting Date, the Grantee’s employment is terminated by the Company or a Subsidiary without Cause, then, after the end of the Performance Period, a Prorated Number of RSUs shall become Vested RSUs (as determined in Section 6(f) below). The Company shall settle any RSUs that become Vested RSUs under this Section 6(c) by paying the Grantee a cash amount equal to the Fair Market Value of one Share for each Vested RSU as soon as administratively practicable after the last day of the Performance Period, but in any event, by March 15th of the year following the year in which the Performance Period ends. For purposes of this Section 6(c), the Fair Market Value shall be determined as of the last day of the Performance Period.",Termination,Payment
"Executive agrees that, as a condition of Executive's employment, Executive shall execute and shall be bound by the terms of the Confidentiality, Non-Solicit, and Non-Compete Agreement attached hereto as Exhibit A, the terms of which are incorporated herein by reference.",Confidentiality,Non-Compete
Earned PSUs will vest on [Grant Date + 3 years] (the “Vesting Date” ) if the Participant has been actively employed by the Company or an Affiliate from the Grant Date through the vesting date. Active employment does not include any potential severance period.,Payment,Termination
"The Requisite Lenders (or, with respect to any Event of Default occurring under Section 11.1(a) in respect of the Tranche A Term Loans on the Tranche A Term Loan Maturity Date, at the direction of the Requisite Tranche A Term Loan Lenders with respect to the Tranche A Term Loans and all other related Obligations) may direct the Administrative Agent to, and the Administrative Agent if so directed shall, exercise all other rights and remedies it may have under any Applicable Law.",Governing Law,Payment
"The Executive and the Company agree that the Executive’s employment with and position as Executive Chairman of the Company and, except as set forth in Section 1.2 below, all other positions that the Executive may hold as an employee, officer or director of the Company or any of its subsidiaries or affiliates shall cease effective as of 11:59 PM Central Time on February 28, 2018 (the “ Separation Date ”).",Termination,Non-Compete
"Anything in this Credit Agreement or the Notes to the contrary notwithstanding, the interest rate on the Loans shall in no event be in excess of the maximum rate permitted by Applicable Law.",Governing Law,Payment
"Indemnification required by this Article IX shall be made by periodic payments of the amount thereof during the course of the investigation or defense, as and when bills are received or a Loss or Liability incurred.",Payment,Liability
"Unless otherwise determined by the Committee at the time of grant (or, if no rights of the Participant (or, in the case of his death, his estate) are reduced, thereafter), no Performance-Based Cash Award or pro rata portion thereof shall be payable to any Participant who incurs a Termination prior to the date such Performance-Based Cash Award is paid and the performance-Based Cash Awards only shall be deemed to be earned when actually paid.",Termination,Payment
"As a material inducement to Company entering into this Agreement, Employee agrees to execute, and be bound by, the terms of the Executive Protective Covenants Agreement attached hereto as Exhibit B .",Confidentiality,Non-Compete
"During the term of this Agreement, Employee will serve as the Company’s Chief Executive Officer and shall perform tasks and have the rights, powers and obligations normally associated with the office of Chief Executive Officer. Employee shall advise Employer as to the operational management and strategic development of Employer’s organization. Employee agrees to perform such tasks as the Board shall reasonably request. Employee and Employer agree that any termination of Employee’s employment shall be subject to the Golden Parachute Agreement included as Exhibit A.",Termination,Non-Compete
"Employee hereby acknowledges that, during and solely as a result of Employee’s employment by the Company or its Subsidiaries or Affiliates, Employee has received and will continue to receive special training and education with respect to the operations of such entity(ies) and access to confidential information and business and professional contacts, all of which is exceptionally valuable to the Covanta Group and vital to the success of the Covanta Group’s business and other related matters. In consideration of such special and unique opportunities afforded to Employee as a result of Employee’s employment and the grant of Restricted Stock Units, Employee hereby agrees to be bound by and acknowledges the reasonableness of the following covenants, which are specifically relied upon by the Company and Covanta in entering into this Agreement and as a condition to the grant of the Restricted Stock Units. Employee acknowledges and agrees that each of the individual provisions of this Section 11 constitutes a separate and distinct obligation of Employee to the Covanta Group, individually enforceable against Employee.",Confidentiality,Non-Compete
"Employee hereby acknowledges that, during and solely as a result of Employee’s employment by the Company or its Subsidiaries or Affiliates, Employee has received and will continue to receive special training and education with respect to the operations of such entity(ies) and access to confidential information and business and professional contacts, all of which is exceptionally valuable to the Covanta Group and vital to the success of the Covanta Group’s business and other related matters. In consideration of such special and unique opportunities afforded to Employee as a result of Employee’s employment and the grant of TSR Performance Shares, Employee hereby agrees to be bound by and acknowledges the reasonableness of the following covenants, which are specifically relied upon by the Company and Covanta in entering into this Agreement and as a condition to the grant of the TSR Performance Shares. Employee acknowledges and agrees that each of the individual provisions of this Section 10 constitutes a separate and distinct obligation of Employee to the Covanta Group, individually enforceable against Employee.",Confidentiality,Non-Compete
"In consideration of the early termination of the Lease, Landlord shall pay Tenant the total amount of $150,000, 50% ($75,000) (the ""First Installment"") of which will be paid within three (3) business days after the Effective Date of this Agreement, and the remaining 50% ($75,000) (the ""Second Installment"") balance of which will be paid to Tenant within three (3) business days after Tenant vacates the Premises and takes possession of the Relocation Premises (both payments collectively, the ""Termination Fee"") so long as the Tenant vacates the Premises on or before the Termination Date leaving the Premises in the condition required pursuant to the Lease.  Upon Landlord's final inspection of the Premises in accordance with the Lease and applicable law, any unused portion of the Tenant's security deposit shall be returned to Tenant.",Payment,Termination
The parties hereto agree that Section 5.04 of the Investors Agreement shall remain in full force and effect.,Confidentiality,Termination
"Executive acknowledges that the Restrictive Covenants (as defined in the Employment Agreement) survive the termination of Executive’s employment. Executive affirms that the Restrictive Covenants are reasonable and necessary to protect the legitimate interests of the Company, that Executive received adequate consideration in exchange for agreeing to those restrictions, and that Executive will abide by those restrictions.",Confidentiality,Non-Compete
"As a condition to the receipt of the PSUs, you expressly agree to the terms and conditions in the Confidentiality, Non-Competition, Non-Solicitation and Non-Disparagement Agreement attached hereto as Exhibit A. In addition to any remedies available to the Company under Section 5 of Exhibit A, any violation of the terms and conditions of Exhibit A will result in a rescission of the PSUs made under this Award Agreement and a forfeiture of rights you have with respect thereto.",Confidentiality,Non-Compete
"To indemnify the Indemnitee in connection with proceedings or claims involving the enforcement of non-compete and/or non-disclosure agreements or the non-compete and/or non-disclosure provisions of employment, consulting or similar agreements the Indemnitee may be a party to with the Corporation, or any subsidiary of the Corporation or any other applicable foreign or domestic corporation, partnership, joint venture, trust or other enterprise, if any.",Confidentiality,Non-Compete
"You agree that throughout the Consulting Period and thereafter, you shall continue to comply with those obligations imposed upon you under Section 7.2 of the Employment Agreement, subject to all applicable terms, provisions and exceptions contained therein, which obligations shall remain in full force and effect notwithstanding any termination of the Employment Agreement or your employment with the Company.",Confidentiality,Termination
"The Confidentiality, Non-Competition and Non-Solicitation Agreement between the Company and the Executive, dated as of May 5, 2018, remains in full force and effect in accordance with its terms.",Confidentiality,Non-Compete
"Waivers .  The provisions of Section 26 of the Pledge Agreement are hereby incorporated by reference as if fully set forth herein.  The Pledgor irrevocably waives notice of acceptance of this Pledge Agreement Supplement and acknowledges that the Secured Obligations are and shall be deemed to be incurred, and Credit Extensions under the Loan Documents, Secured Cash Management Agreements and Secured Hedge Agreements made and maintained, in reliance on this Pledge Agreement Supplement.",Governing Law,Termination
"Upon expiration or termination of this Agreement for any reason each party will promptly: (a) return to the other party all documents and other material containing Confidential Information (as defined in the Confidentiality Agreement), including copies, other than those which a party is reasonably required to maintain for legal, tax or valid business purposes; or (b) certify to the other party that it has destroyed all such documentation and other materials.  The obligation to destroy or return does not apply to Confidential Information that is stored on back-up tapes and similar media that are not readily accessible to the party; provided, however that all such Confidential Information so retained shall remain subject to the terms of the Confidentiality Agreement for so long as it is retained.  At a minimum, the parties shall use no less than industry standard best practices for backup procedures.",Termination,Confidentiality
"You acknowledge and agree that (i) Silvercrest’s present and future business relationships with its clients, employees, vendors, suppliers, and lenders are and will continue to be of a type which normally continue unless interfered with by others, (ii) any statements or actions taken by you to induce any client, employee, vendor, supplier, or lender to terminate, reduce, or not renew any business arrangement with Silvercrest (unless Silvercrest determines that the termination, reduction, or non-renewal is in the best interest of Silvercrest) or to enter into any business arrangement within Silvercrest’s line business with any Person (as defined on the Silvercrest TRA) other than Silvercrest would cause irreparable harm to Silvercrest; (iii) the services you are to render to Silvercrest are of a special character, with a value to Silvercrest the loss of which cannot adequately be compensated by damages or an action at law; (iv) if you were to become an employee, adviser, or equity owner of a competing organization, your new obligations and the products, services, and technology of the competing organization would be so similar or related to those contemplated by this Agreement that it would be very difficult for you not to rely on or use Silvercrest’s Confidential Information.  For purposes of this Section 7, any reference to Silvercrest shall be deemed to include all affiliates of Silvercrest.",Confidentiality,Non-Compete
"Notwithstanding the terms of Section 29.28 of the Original Lease, following the full execution and delivery of this Fourth Amendment, Landlord shall be permitted to issue press releases or other similar public announcements disclosing the execution of this Fourth Amendment and the early termination date of the Lease; subject, however, to Tenant's prior review and reasonable approval of any portion of a press release or similar public announcement that mentions Tenant, the execution of this Fourth Amendment or the early termination date of the Lease, unless Landlord is otherwise permitted to make such disclosures pursuant to Section 29.28 of the Original Lease.",Confidentiality,Termination
"Except as modified hereby, the Lease shall remain in full effect and this Amendment shall be binding upon Landlord and Tenant and their respective successors and assigns. If any inconsistency exists or arises between the terms of the Lease and the terms of this Amendment, the terms of this Amendment shall prevail. This Amendment shall be governed by the laws of the State in which the Premises are located. Except for those set forth in this Amendment, no representations, warranties, or agreements have been made by Landlord or Tenant to the other with respect to this Amendment or the obligations of Landlord or Tenant in connection therewith. Further, Tenant disclaims any reliance upon any and all representations, warranties or agreements not expressly set forth in the Lease, as amended by this Amendment. Landlord and Tenant agree that they have both had the opportunity to retain legal counsel to review, revise, and negotiate this Amendment on their individual behalf. Landlord and Tenant stipulate that this Amendment has been reviewed and revised by both Landlord and Tenant and their respective legal counsel and that the Lease, as amended hereby, is the result of an arms’-length negotiation and compromise. Landlord and Tenant further stipulate that they are both sophisticated individuals or business entities capable of understanding and negotiating the terms of the Lease, as amended hereby.",Governing Law,Liability
(as defined below) to defray the expenses incurred by State Farm in handling and processing the delinquent payment and to compensate State Farm for the loss of use of the delinquent payment (the “ Late Charge ”).,Governing Law,Payment
"Section 22 of the Plan is hereby amended by (i) revising the phrase “The Plan and this Amendment are together intended” to read “This Plan is intended”, and (ii) revising the subsequent references to “the Plan and this Amendment” to read “this Plan”.",Governing Law,Termination
Agreement ” shall have the meaning set forth in Section 8.03(a) .,Confidentiality,Termination
"Any obligation: (i) to pay Tenant any sum(s) that any Former Landlord owed to Tenant unless such sums, if any, shall have been actually delivered to Lender by way of an assumption of escrow accounts or otherwise; (ii) with respect to any security deposited with Former Landlord, unless such security deposit was actually delivered to Lender; (iii) to commence or complete any initial construction of improvements in the Leased Premises or any expansion or rehabilitation of existing improvements thereon; (iv) to reconstruct or repair improvements following a fire, casualty or condemnation; or (v) arising from representations and warranties related to Former Landlord.",Payment,Termination
"Your Option is also subject to your complying with and not breaching the non-compete, confidentiality, and non-solicitation covenants that you were required to sign as a condition of your employment with the Company.",Confidentiality,Non-Compete
"Executive hereby acknowledges that, during and solely as a result of Executive’s employment by the Company Group, Executive has received and will continue to receive special training and education with respect to the operations of such entity(ies) and access to confidential information and business and professional contacts, all of which is exceptionally valuable to the Company Group and vital to the success of the Company Group’s business and other related matters. In consideration of the severance benefits payable to Executive pursuant to the Plan, the Executive hereby agrees to be bound by and acknowledges the reasonableness of the following covenants, which are specifically relied upon by the Company in entering into this Agreement. Executive acknowledges and agrees that each of the individual provisions of this Section 4 constitutes a separate and distinct obligation of the Executive to the Company Group, individually enforceable against Executive.",Confidentiality,Non-Compete
"(a) All documents and work you perform in the course of the Services, and all information disclosed or developed by you in connection with the Services, shall be Confidential Information of Company covered by the Confidential Information and Business Ideas, Inventions and Developments Agreement (the “NDA”), attached hereto as Exhibit A and incorporated herein by reference.",Non-Compete,Confidentiality
"Notwithstanding anything to the contrary in the Company’s 2010 Management Incentive Plan, if Executive’s employment is terminated (i) in connection with a Change in Control or (ii) within two years a Change in Control (A) by Executive for Good Reason, or (B) by the Company without Cause, then Executive’s compensation and benefits upon termination shall be governed by this Section 5.6 and Section 5.7 instead of the provisions of Section 5.2 above. In such event, Executive shall be entitled solely to the following: (1) Base Salary through the date of termination, paid on the Company’s’ normal payroll payment date; (2) an amount equal to the sum of two-times his Base Salary and two-times his target annual bonus for the year of termination, payable in a lump sum on the First Payroll Date; (3) an additional amount equal to Executive’s target annual bonus for such year pro rated for the number of full months during the bonus year prior to such termination of employment, payable in a lump sum on the First Payroll Date; (4) if Executive is entitled (and timely and properly elects) to continue his coverage under the Company’s group health plans pursuant to COBRA, payment by (or reimbursement from) the Company of the same portion of the premium for such coverage as the Company was paying for Executive’s coverage under such plans as of Executive’s date of termination for a period of 18 months after the date of termination or until Executive is no longer entitled to COBRA continuation coverage under the Company’s group health plans, whichever period is shorter; provided, however, that the Company may unilaterally amend clause (4) of this sentence or eliminate the benefit provided thereunder to the extent it deems necessary to avoid the imposition of excise taxes, penalties or similar charges on the Company or its affiliates (or successors), including, without limitation, under Section 4980D of the Code; and (5) any accrued and unpaid vacation pay or other benefits which may be owing to Executive in accordance with the Company’s policies.",Payment,Termination
"Cure Period ”), such termination shall not occur. If such breach has not been cured by Spark within the Payment Cure Period, then Selecta shall be entitled to terminate this Agreement with respect to such Target with immediate effect upon delivery to Spark of a written notice of termination; provided, however, that if Spark notifies Selecta in writing within the Payment Cure Period that Spark disputes that it is in breach of a payment obligation and initiates the dispute resolution procedure set forth in ARTICLE 12 (Dispute Resolution) within such Payment Cure Period, then no such termination shall become effective until [**] after a final, binding resolution of such dispute (and determination of the full amount due to Selecta) pursuant to ARTICLE 12 (Dispute Resolution); provided that, if Spark pays Selecta the full amount due within such [**] period, such termination shall not occur. If Selecta terminates this Agreement with respect to a Target pursuant to this Section 9.2(b)(ii) and Spark subsequently breaches any of its payment obligations under this Agreement with respect to a second Target (excluding Spark’s obligations to make Scheduled Payments in accordance with Section 6.1 (Scheduled Payments)), then Selecta will be entitled to terminate this Agreement with respect to such Target or in its entirety, subject to the notice and cure period set forth above.",Payment,Termination
The grant of this Option is subject to the Optionee’s either consenting to or having already consented to and abiding by the terms of the Confidential Information & Restrictive Covenants Agreement.,Confidentiality,Non-Compete
"You shall not, for a period of one (1) year after your employment with the Company ends for any reason, engage in, advise or consult with, or accept employment with any company, business or any entity, or contribute your knowledge to any work or activity that involves a product, process, provision of services or distribution channel (network marketing) as offered by the company, the development and/or sales of nutritional supplements, or any other product or service of the Company which is competitive with and the same as or similar to a product, process, or provision of services or distribution channel (network marketing) on which you worked or with respect to which you had access to confidential information while with the Company. Following expiration of said one-year period, you shall continue to be obligated under the confidential provisions of this Agreement and of your proprietary information and inventions agreement not to disclose and/or use confidential information so long as it shall remain proprietary or protectable as confidential or trade secret information. You acknowledge that this restraint is reasonable as to time and geographic limits and is necessary to protect the Company’s Confidential Information, and that it will not unduly restrict your ability to secure suitable employment after leaving the Company.",Non-Compete,Confidentiality
"Merck will, and will require its Affiliates, Sublicensees and subcontractors to, comply with all Applicable Law in its and their Research, Development, Manufacture and Commercialization of Licensed Compounds and Products, including where appropriate cGMP, GCP and GLP (or similar standards). Without limiting the foregoing, Merck will not engage directly or indirectly, in any capacity in connection with this Agreement any Person who either has been debarred by the FDA, is the subject of a conviction described in Section 306 of the FD&C Act or is subject to any such similar sanction.",Governing Law,Non-Compete
"The Executive shall hold in a fiduciary capacity for the benefit of the Company all secret, proprietary, or confidential materials, knowledge, data or any other information relating to the Company or any of its affiliated companies, and their respective businesses (“Confidential Information”), which shall have been obtained by the Executive during the Executive’s employment by the Company or any of its affiliated companies and that shall not have been or now or hereafter have become public knowledge (other than by acts by the Executive or representatives of the Executive in violation of this Agreement). During the term of this Agreement and (a) for a period of three years thereafter with respect to Confidential Information that does not include trade secrets, and (b) any time thereafter with respect to Confidential Information that does include trade secrets, the Executive shall not, without the prior written consent of the Company or as may otherwise be required by law or legal process, communicate or divulge any Confidential Information to anyone other than the Company and those designated by it.",Non-Compete,Confidentiality
"This Agreement shall be governed by and construed in accordance with the laws of the State of Delaware, without regard to the conflict of laws provisions thereof. Notwithstanding any other provision of this Agreement, in the event of a payment to be made, or a benefit to be provided, pursuant to this Agreement based upon Executive’s Termination of Employment at a time when the Executive is determined to be a Specified Employee by the Company in its sole discretion and such payment or provision of such benefit is not exempt or otherwise permitted under Section 409A of the Code without the imposition of Section 409A Penalties, such payment shall not be made, and such benefit shall not be provided, before the date which is six (6) months and one day after the Executive’s Termination of Employment. All payments or benefits delayed pursuant to this Section shall be aggregated into one lump sum payment following the first day of the seventh month after Executive’s Termination of Employment in accordance with the Company’s normal payroll practices.",Governing Law,Payment
"The Chairman hereby acknowledges that the Chairman has previously entered into an agreement containing confidentiality and other protective covenants consistent with the form agreement to be signed by all employees of the Company (the “ Company Confidentiality Agreement ”).  While the Chairman is providing the services contemplated by this Agreement to the Company, Chairman shall not consult with or advise any other company providing domain name related services, including, but not limited to, registrar, registry, web-hosting, search monetization or after-market domain services.",Non-Compete,Confidentiality
"All notices and other communications provided for hereunder shall, unless otherwise stated herein, be in writing (including facsimile) and mailed, facsimiled, emailed or delivered, as to each party hereto, at its address specified below or at such other address as shall be designated by such party in a written notice to the other party hereto. All such notices and communications shall, when mailed, be effective three (3) days after deposit in the mails, when facsimiled or emailed, be effective when confirmed by telephone or email, and when hand delivered, upon delivery.",Payment,Termination
"Each Purchaser, to the extent that such Purchaser, as set forth on the Schedule of Purchasers, is a holder of any promissory note (each a “ Note ” and collectively the “ Notes ”) of the Company being converted and/or cancelled in consideration of the issuance hereunder of Shares to such Purchaser (a “ Noteholder ”), hereby agrees that the entire amount owed to such Purchaser under such Note is being tendered to the Company in exchange for the applicable shares of Shares set forth on the Schedule of Purchasers, and effective upon the Company’s and such Purchaser’s execution and delivery of this Agreement, without any further action required by the Company or such Purchaser, such Note and all obligations set forth therein shall be immediately deemed repaid in full and terminated in their entirety, including, but not limited to, any security interest effected therein, notwithstanding anything to the contrary in such Note. The undersigned Noteholders further hereby agree for themselves and for the holders of all Notes issued pursuant to the Securities Purchase Agreements, dated as of April 13, 2017, by and among the Company and the purchasers listed therein (the “ Note Agreements ”), that, for the purposes of calculating any accrued interest on all such Notes issued pursuant to the terms of the Note Agreements in order to effect the conversion, interest shall stop accruing as of June 29, 2017 and the total principal and interest accrued for each Noteholder as of June 29, 2017 shall be equal to the amounts set forth on the Schedule of Purchasers hereto.",Termination,Payment
"Unless otherwise determined by the Committee at the time of grant (or, if no rights of the Participant (or, in the case of his death, his estate) are substantially impaired, thereafter), no Performance-Based Cash Award or pro rata portion thereof shall be payable to any Participant who incurs a Termination prior to the date such Performance-Based Cash Award is paid and the Performance-Based Cash Awards only shall be deemed to be earned when actually paid.",Termination,Payment
"Either the Director or the Company may, by written notice to the other, terminate the Director’s right pursuant to Section 1.2(b) to disclose Confidential Information to all Director Representatives and H Partners Representatives. The date specified in the notice is referred to below as the “ Information Termination Date ”. In such event and subject to H Partners’ internal documentation retention policies necessary to comply with applicable law, within 15 days after the Information Termination Date the Director and all H Partners Representatives and Director Representatives will return or destroy all copies of Confidential Information (in whatever form) in their possession and confirm in writing to the Company their compliance with this obligation. Notwithstanding the return or erasure or deletion of Confidential Information, all H Partners Group Members and all other H Partners Representatives and Director Representatives who received Confidential Information will continue to be bound by the obligations contained in this Agreement and any applicable Representative Undertaking.",Termination,Confidentiality
EACH PARTY HERETO HEREBY AGREES AS SET FORTH IN SECTIONS 8.19 AND 8.20 OF THE EXISTING CANADIAN SECURITY AGREEMENT AS IF SUCH SECTIONS WERE SET FORTH IN FULL HEREIN.,Governing Law,Termination
"If any of the Guaranteed Obligations is not punctually paid when due, whether by its terms or as a result of the exercise of any power to accelerate or otherwise, Guarantors shall, immediately on demand and without presentment, protest, notice of protest, notice of nonpayment, notice of intent to accelerate, notice of acceleration or any other notice whatsoever (all of which are expressly waived in accordance with Section  4 hereof), pay the amount due and payable thereon to Administrative Agent at its office specified in the Credit Agreement. It is not necessary for Administrative Agent, in order to enforce such payment by Guarantors, first to institute suit or exhaust its remedies against Borrower or any other Loan Party, or to enforce its rights against any security given to secure the Guaranteed Obligations. Administrative Agent is not required to mitigate damages or take any other action to reduce, collect or enforce the Guaranteed Obligations. No setoff, counterclaim, reduction or diminution of any obligation, or any defense of any kind that any Guarantor has or may have against Borrower or Administrative Agent, shall be available hereunder to Guarantors. No payment by any Guarantor shall discharge the liability of Guarantors hereunder until the Guaranteed Obligations have been fully and finally satisfied. If Administrative Agent must rescind or restore any payment, or any part thereof, received by Administrative Agent on any part of the Guaranteed Obligations, any prior release or discharge from the terms of this Guaranty given Guarantors by Administrative Agent or any reduction of any Guarantor’s liability hereunder shall be without effect, and this Guaranty shall remain in full force and effect.",Payment,Liability
"Upon early termination (****), the Company shall pay the applicable amount set forth on Schedule 10.04.",Termination,Payment
"Employee acknowledges that Employee is in possession of and has access to confidential information of the Company and its Subsidiaries, including material relating to the business, products and services of the Company, and that he or she will continue to have such possession and access during employment by the Company and its Subsidiaries. Employee also acknowledges that the business, products and services of the Company and its Subsidiaries are highly specialized and that it is essential that they be protected. Accordingly, Employee agrees to be bound by the terms and conditions set forth on Attachment II.",Confidentiality,Non-Compete
"The Employee acknowledges and agrees that in the performance of her duties under this Agreement, she will be brought into frequent contact, either in person, by telephone, electronically or through the mails, with existing and potential customers of the Company.  The Employee further agrees that any Confidential Information gained by the Employee during her employment with the Company has been developed by the Company through substantial expenditures of time and money and constitutes valuable and unique property of the Company.  The Employee further understands and agrees that the foregoing makes it necessary for the protection of the Business that the Employee not compete with the Company during the Term and not compete with the Company for a reasonable period after such employment, as further provided in the following sections.",Confidentiality,Non-Compete
"Section 12.17 of the Operating Agreement shall be incorporated by reference into and form an integral part of this Agreement, mutatis mutandis .  Each Party shall comply with such Section.",Confidentiality,Governing Law
"Your employment with the Company is conditioned upon and subject to your continued compliance with the Employee Confidentiality, Non-Compete and Proprietary Information Agreement by and between you and the Company, dated December 15, 2011 (the “Confidentiality Agreement”). It is understood and agreed that breach by you of the Confidentiality Agreement shall constitute a material breach of this Agreement.",Confidentiality,Non-Compete
"Unless otherwise specifically provided in a Notice of Election, a Deferral Election shall remain in effect for future calendar years unless and until such election is timely revoked. A Director may increase, decrease, terminate or recommence a Deferral Election by filing a new Deferral Election on or prior to the last date for filing a Deferral Election for the next calendar year. A new Deferral Election shall be effective January 1 st of the calendar year following the date on which the election is filed with the Corporation.",Termination,Payment
"The Company considers the protection of its confidential information, proprietary materials and goodwill to be extremely important.  Given the confidential nature of various aspects of our business, Employee may not discuss the fact or terms of this Agreement or any employment discussions with anyone other than a member of the Company's management team and members of Employee's immediate family (and, if relevant, your recruiting firm, financial advisor or lawyer).  In addition, as is true of all Company employees, Employee will be required to sign and return an agreement relating to confidentiality, non-competition and work product (the "" PIIA "") by no later than the Effective Date as a condition of employment.  A copy of the PIIA is provided with this Agreement.  Employee will also be required to review and acknowledge receipt of magicJack's Employment Handbook (the "" Handbook ""), and Employee's agreement to comply with the terms of the Handbook and the policies contained therein, by returning a signed copy of the Acknowledge Form included in the Handbook no later than the Effective Date.  A copy of the Handbook is included with this Agreement.",Confidentiality,Non-Compete
"If any payment is owed to Employee pursuant to Section 5(e) , the amount of the Award that vests in accordance with those provisions shall be paid in cash to the Employee within thirty (30) days of the later of (A) the ROE Determination Date or (B) the Employee’s date of Termination of Employment. Any payment made pursuant to this Section 6(c) of the Award Agreement shall be payable only upon the execution by the Employee of an appropriate release of claims against the Company and any such payment shall be in addition to all other compensation that may be owed to the Employee pursuant to any other Company benefit plans, agreements or compensatory arrangements. The release shall be provided to Employee on the date of his Termination of Employment.  Employee will then have 21 days within which to consider signing the release.  After signing the release, the Employee shall have seven days within which to revoke the release.  If the Employee fails to sign the release, or if the Employee revokes the release, within the above-described time periods, Employee shall not be entitled to any payment pursuant to this Award Agreement.  If the release consideration period and the release revocation period span two calendar years, no payment will be made until the second calendar year.",Termination,Payment
"As a condition of your continued employment under the terms and conditions set forth herein, you will be required to execute the Invention, Non-Disclosure, Non-Competition and Non-Solicitation Agreement attached hereto as Exhibit A.",Confidentiality,Non-Compete
"Section 4(b) of the Invention, Non-Disclosure, Non-Competition and Non-Solicitation Agreement dated April 26, 2013 that you previously executed for the benefit of the Company is hereby amended as follows: (b) As used herein, a business will be deemed “Competitive” with the Company if it engages in the research, development or commercialization of pharmaceutical or diagnostic products for ocular diseases with the same primary mechanism of action as any compound or drug that is at any such time of determination under active research or development or being commercialized by the Company or any of its subsidiaries (whether the Company or any such subsidiary currently has or in the future acquires rights to such compound or drug).",Confidentiality,Non-Compete
"As a condition of accepting this offer of employment, you will be required to complete, sign and return the Company’s standard form of Employee Confidentiality, Non-compete and Inventions Assignment Agreement.",Non-Compete,Confidentiality
"The Company considers the protection of its confidential information and proprietary materials to be very important. Therefore, as a condition of your employment, you and the Company will become parties to an Invention and Non-Disclosure Agreement substantially in the form of Attachment A-1 to this letter (the “Non-Disclosure Agreement”) and a Non-Competition and Non-Solicitation Agreement substantially in the form of Attachment A-2 to this letter (the “Non-Compete Agreement”, and together with the Non-Disclosure Agreement, the “Related Agreements”). In addition, as a significant holder of the Company’s Common Stock, you will be expected to become a party to the Voting Agreement dated July 7, 2014 between the Company, the Investors and Key Holders party thereto and the Right of First Refusal and Co-Sale Agreement dated July 7, 2014 between the Company, the Investors and Key Holders party thereto.",Confidentiality,Non-Compete
"Concurrent with the execution of the Original Agreement, you and the Company became parties to an Invention and Non-Disclosure Agreement attached as Attachment A-1 to this letter (the “Non-Disclosure Agreement”) and a Non-Competition and Non-Solicitation Agreement attached as Attachment A-2 to this letter (the “Non-Compete Agreement”, and together with the Non-Disclosure Agreement, the “Related Agreements”). The Related Agreements remain in full force and effect.",Confidentiality,Non-Compete
"This Note shall be governed by and interpreted in accordance with the laws of the State of California. Borrower shall have the right to prepay all or part of the outstanding principal balance of this Note at any time without payment to the Lender of a prepayment fee or charge. This Note shall be the joint and several obligation of all Persons executing this Note as Borrower and all sureties, guarantors, and endorsers of this Note, and this Note shall be binding upon each of such Persons and their respective successors and assigns. This Note shall inure to the benefit of the Lender and its successors and assigns.",Governing Law,Payment
The provisions of this Section 6 shall apply during the Term.,Termination,Governing Law
"In the event of your Qualifying Termination, you shall have no less than ninety (90) days from the termination date to exercise any exercisable portion of the Equity Award (i.e., the option) that vested on or prior to the termination date.  Unless otherwise approved in writing by the Board of Directors or its designee, in the event of your termination during the Termination Period for any reason other than without Cause or Good Reason, the time period to exercise or receive payment for any equity awards already vested as of the date of termination shall be as set forth in the Equity Award plan documents or award agreements.",Payment,Termination
"In the event of your Qualifying Termination, you shall have no less than ninety (90) days from the termination date to exercise any exercisable portion of your equity awards that have vested as of the termination date.  Unless otherwise approved in writing by the Board of Directors or its designee, in the event of your termination during the Termination Period for any reason other than without Cause or Good Reason, the time period to exercise or receive payment for any equity awards already vested as of the date of termination shall be as set forth in the equity award plan documents or award agreements.",Payment,Termination
"Upon the payment in full of the Obligations, in immediately available funds, including, without limitation, all unreimbursed costs and expenses of the Administrative Agent and of each Lender for which the Borrower is responsible, and the termination of this Agreement, the Administrative Agent shall execute and deliver such documents and termination statements as the Borrower or any other Loan Party reasonably requests to evidence such termination.  However, such termination by the Administrative Agent shall not be deemed to terminate or release any Person from any obligation or liability under the Loan Documents which specifically by its terms survives the payment in full of the Obligations.",Payment,Termination
"The receipt of any severance payments or benefits (other than the Accrued Compensation ) pursuant to this Agreement is subject to Executive signing, concurrent with the execution of this Agreement, the Non-C ompet e, Non-S o licitation and Confidentiality A greement in substantially the form attached hereto as Exhibit B .",Confidentiality,Non-Compete
"Amedisys hereby absolutely, unconditionally and irrevocably guarantees, as a primary obligor and not merely a surety, to the Company and the Equityholders (i) the performance of all obligations of Parent under this Agreement to the extent such obligations are to be performed prior to or at the Closing and (ii) the due and punctual payment by Parent of all payments of Merger Consideration owing by Parent pursuant to Sections 2.4 and 2.7 of the Agreement (clauses (i) and (ii) collectively, the “ Guaranteed Obligations ”). The guarantee by Amedisys set forth in clause (i) above shall terminate following consummation of the Closing. The guarantee by Amedisys set forth in this Section 4.16 shall continue to be effective or be reinstated, as the case may be, if at any time any payment or performance of the Guaranteed Obligations is rescinded or must otherwise be returned by the Equityholders upon the insolvency, bankruptcy or reorganization of Amedisys or otherwise, all as though such payment had not been made. This is a guarantee of payment and performance, as applicable, and not of collection only. The Agent and the Equityholders shall not be required to make any demand upon, or to pursue or exhaust any right or remedy against, the Parent prior to exercising their rights under this Section 4.16, and no delay or omission on the part of the Agent or the Equityholders in exercising rights hereunder shall operate as a waiver or relinquishment of such rights or remedies.",Payment,Termination
"(a) For the period following the Termination Date specified in Paragraph (3) of Annex A (the “Non-Competition Period”), subject to the Executive’s receipt of benefits under Section 4, the Executive will not, without the prior written consent of the Company, which consent will not be unreasonably withheld, engage in any Competitive Activity.",Confidentiality,Non-Compete
"The Executive agrees to the terms of the Non-Solicitation, Non-Competition, Confidentiality and Assignment Agreement, dated as of November 22, 2014 , by and between the Compan y and the Executive (the “Restrictive Covenant Agreement”), the terms of which are hereby are incorporated by reference as material terms of this Agreement .",Confidentiality,Non-Compete
"In exchange for the Optionholder’s agreement to cancel and terminate the Cancelled Options and the release of claims set forth in Section 1.3 , the Company agrees to grant the Optionholder, one (1) share of Common Stock pursuant to the Incentive Plan.",Payment,Termination
"In the event of the termination of my employment at Progenics, to the extent that such termination is voluntary, I will not for a period of one (1) year accept a consulting engagement or employment with a company or other entity engaged in the development, production, marketing or sale of products or services that directly compete or, upon commercialization, would directly compete with products of the Company being developed (so long as such development has not been abandoned), marketed or sold at the time of termination, without written permission from Progenics.  Such permission will not be unreasonably withheld in those instances where such employment does not involve risk of use or disclosure of any Confidential Information which I may acquire during the course of my employment with Progenics.  As used herein, the term ""Confidential Information"" refers to all confidential proprietary rights or any knowledge, information or materials about the products, services, know-how, research and development, customers, business plans of Progenics or any confidential information about financial matters, marketing, pricing, compensation or any other confidential information of Progenics, its customers, or others from whom Progenics has received information under obligations of confidence.",Non-Compete,Confidentiality
"In its discretion, the Employer may require any Eligible Employee selected to become a Participant in the Plan to execute a Confidentiality and Non-Competition Agreement with the Employer in consideration of the benefits to be provided hereunder.",Confidentiality,Non-Compete
"Any holders of 8687544 Certificates who have not complied with this ARTICLE II shall look only to 8687544 or the surviving entity for, and 8687544 and the surviving entity shall remain liable for, payment of their claim for Merger Shares and any dividends or distributions with respect to 8687544 Common Stock, without interest thereon.",Termination,Payment
"The Company and the Participant acknowledge and agree that during the Participant’s employment with the Company, the Participant will have access to and may assist in developing Confidential Information and will occupy a position of trust and confidence with respect to the affairs and business of the Company and its Affiliates. The Participant agrees that the obligations set forth in this Section 7 are necessary to preserve the confidential and proprietary nature of Confidential Information and to protect the Company and its Affiliates against harmful solicitation of employees and customers, harmful competition and other actions by the Participant that would result in serious adverse consequences for the Company and its Affiliates.",Confidentiality,Non-Compete
"Executive hereby acknowledges and agrees that his post-employment duties and obligations under the Employment Agreement will remain in full force and effect in accordance with such terms, and that a breach of the Employment Agreement will also constitute a breach of this present Agreement.",Confidentiality,Non-Compete
"The provisions of the Offer Letter entitled “Confidentiality,” “Intellectual Property” and “Company Policies” shall continue to remain in effect during the Term and the provisions entitled “Confidentiality” shall survive the termination of the Term and the termination of Executive’s employment with the Company.",Confidentiality,Termination
"The salary and benefits outlined in this Offer Letter are contingent upon your execution of the Confidentiality, Non-Solicitation and Non-Competition Agreement attached hereto as Exhibit A.",Confidentiality,Non-Compete
"It is understood and agreed that the agreements previously entered into between you and the Company, including the Non-Competition and Non-Solicitation Agreement and the Invention and Non-Disclosure Agreement, will remain in full force and effect.",Confidentiality,Non-Compete
"The powers conferred on Lender hereunder are solely to protect its interests in the Pledged Securities, and shall not impose any duty upon Lender to exercise any such powers. Except for the exercise of reasonable care in the custody and preservation of the certificates or other instruments representing Pledged Securities in its possession and the accounting for monies actually received by it hereunder, Lender shall have no duty as to any Pledged Securities. Without limiting the generality of the foregoing, Lender shall have no responsibility for (a) ascertaining or taking action with respect to calls, conversions, exchanges, maturities, tenders or other matters relating to any Pledged Securities, regardless of whether Lender has or is deemed to have knowledge of such matters, (b) taking any necessary steps (other than steps in accordance with the standard of care set forth above to maintain possession of the certificates or other instruments representing Pledged Securities in its possession) to preserve rights against any parties with respect to the Pledged Securities, (c) taking any necessary steps to collect or realize upon any of the Obligations or any of the Pledged Securities, or (d) initiating any action to protect the Pledged Securities against the possibility of a decline in market value. Lender shall be deemed to have exercised reasonable care in the custody and preservation of the certificates or other instruments representing Pledged Securities in its possession if such items are accorded treatment substantially equal to that which Lender accords its own property consisting of negotiable securities.",Liability,Confidentiality
"Your employment is conditioned upon your execution of the form of Confidentiality, Non-Competition and Intellectual Property Agreement attached to this letter (the “Confidentiality Agreement”).",Confidentiality,Non-Compete
"The Executive has executed or will execute within five (5) days following the date hereof the Company’s standard Employee Non-Solicitation, Non-Competition, Confidential Information and Inventions Assignment Agreement .     It is understood and agreed that a material breach by the Executive of the Employee Non-Solicitation, Non-Competition, Confidential Information and Inventions Assignment Agreement shall constitute a material breach of this Agreement.",Confidentiality,Non-Compete
As per the Existing Term Loan Credit Agreement. Counsel to the Committed Lenders and to the Incremental Term Loan Administrative Agent:    Cahill Gordon & Reindel LLP.,Governing Law,Payment
"As a condition to the receipt of this Option, you must agree to the Non-Competition, Non-Solicitation and Confidentiality Agreement attached hereto as Exhibit A by executing that Agreement.  Failure to execute and return the Non-Competition, Non-Solicitation and Confidentiality Agreement within 120 days of the Grant Date shall constitute your decision to decline to accept this Award.",Confidentiality,Non-Compete
"Within the foregoing limits and subject to the terms and conditions set forth herein, Borrowers may request Advances from time to time. Subject to the terms and conditions set forth herein, Lender agrees that it shall, with respect to the Committed Amount, and may in its sole discretion with respect to the Uncommitted Amount, make Advances secured by Eligible Rental Properties to Borrowers from time to time prior to the occurrence and continuance of an Event of Default in an aggregate principal amount that will not result in the Aggregate Advance Amount for all Financed Rental Properties securing outstanding Advances under this Agreement to exceed the Maximum Aggregate Advance Amount. Lender shall have the obligation to make Advances up to the Committed Amount, subject to the terms and conditions herein, but shall have no obligation to make Advances with respect to the Uncommitted Amount. Unless otherwise agreed to among Lender and Borrowers in writing, all Advances shall be first deemed made and committed up to the Committed Amount and then the remainder, if any is available, shall be deemed and made uncommitted up to the Uncommitted Amount. For the sake of clarity, the secured loan facility provided under this Agreement with respect to the Uncommitted Amount is not a commitment by Lender to make Advances to Borrowers, but rather sets forth the procedures to be used in connection with periodic requests for Lender to make such Advances to Borrowers. Each Borrower hereby acknowledges that Lender is under no obligation to agree to make any Advance with respect to the Uncommitted Amount pursuant to this Agreement.",Termination,Payment
"Upon the payment in full of the Obligations, in immediately available funds, including, without limitation, all unreimbursed costs and expenses of the Administrative Agent and of each Lender for which the Borrower is responsible, and the termination of this Agreement, the Administrative Agent shall execute and deliver such documents and termination statements as the Borrower or any other Loan Party reasonably requests to evidence such termination. However, such termination by the Administrative Agent shall not be deemed to terminate or release any Person from any obligation or liability under the Loan Documents which specifically by its terms survives the payment in full of the Obligations.",Payment,Termination
"Executive warrants that Executive has, and will continue to comply fully with Section 3(c) of the Employment Agreement and the provisions of the Confidential Information, Assignment of Rights, Non-Solicitation and Non-Competition Agreement by and between the Company and the Executive.",Confidentiality,Non-Compete
"(a) To the extent that any provision of any Application related to any Letter of Credit is inconsistent with the provisions of this Agreement, the provisions of this Agreement shall apply.",Liability,Governing Law
Executive acknowledges that he concurrently is executing the Confidentiality and Non-Competition Agreement in a form attached hereto as Exhibit A attached hereto and incorporated by this reference.,Confidentiality,Non-Compete
"Unless earlier terminated as provided herein, this Plan will become effective on the Effective Date and will terminate ten (10) years from the date this amended and restated Plan is approved by the Board. This Plan and all Awards granted hereunder shall be governed by and construed in accordance with the laws of the State of Delaware.",Governing Law,Termination
"NONCOMPETE/NONSOLICITATION/EMPLOYEE NO-HIRE. In accepting this offer and in consideration of this employment offer and/or continued obligation and promise to provide you with confidential information, you agree to the Non-Compete and Confidentiality Addendum attached hereto and incorporated herein.",Confidentiality,Non-Compete
"To indemnify Indemnitee in connection with proceedings or claims involving the enforcement of non-compete and/or non-disclosure agreements or the non-compete and/or non-disclosure provisions of employment, consulting or similar agreements (including, without limitation, the Corporation’s Employee Agreements for Equity Recipients) the Indemnitee may be a party to with the Corporation, or any subsidiary of the Corporation or any other applicable foreign or domestic corporation, partnership, joint venture, trust or other enterprise, if any.",Confidentiality,Non-Compete
"To indemnify Indemnitee for any proceeding for which payment has actually been made to or on behalf of Indemnitee under any insurance policy or other indemnity provision, except with respect to any excess beyond the amount paid under any insurance policy or other indemnity provision.",Payment,Liability
"The Restrictive Covenant Agreement entered into by and between the Executive and the Company dated November 16, 2015, attached hereto as Exhibit C , is incorporated by reference into this Agreement.",Confidentiality,Non-Compete
"Upon termination of this Agreement, neither the Company nor Advisor will have any further obligations under this Agreement, except (a) the liabilities accrued through the date of termination, and (b) the obligations under sections 2(b), 3, 4, 5, 6, 7 and 8 will survive. Upon expiration or termination, and in any case upon the Company’s request, Advisor will return immediately to the Company all tangible Confidential Information, including all copies and reproductions thereof, except for one (1) copy which may be retained solely for archival purposes, and shall delete any such Company Confidential Information from Advisor’s computer storage or any other media (including, but not limited to, online and off-line libraries). Upon termination of this Agreement, Advisor may retain the laptop computer previously provided to her by the Company, provided that she shall make such laptop computer available for inspection by the Company to ensure that all Confidential Information has been removed.",Termination,Confidentiality
"IN THE EVENT OF TERMINATION BY EITHER PARTY IN ACCORDANCE WITH ANY OF THE PROVISIONS OF THIS AGREEMENT, NEITHER PARTY SHALL BE LIABLE TO THE OTHER, BECAUSE OF SUCH TERMINATION, FOR COMPENSATION, REIMBURSEMENT OR DAMAGES ON ACCOUNT OF THE LOSS OF PROSPECTIVE PROFITS OR ANTICIPATED SALES OR ON ACCOUNT OF EXPENDITURES, INVENTORY, INVESTMENTS, LEASES OR COMMITMENTS IN CONNECTION WITH THE BUSINESS OR GOODWILL OF THE COMPANY OR DISTRIBUTOR.  TERMINATION SHALL NOT, HOWEVER, RELIEVE EITHER PARTY OF OBLIGATIONS INCURRED PRIOR TO THE TERMINATION.",Liability,Termination
"Consultant agrees to undertake and complete the Services (as defined in Exhibit A ) in accordance with and according to the schedule specified in Appendix 1 . As the only consideration due Consultant regarding the subject matter of this Agreement, Company will pay Consultant in accordance with Appendix 1 . Unless otherwise specifically agreed upon by Company in writing (and notwithstanding any other provision of this Agreement), all activity relating to Services will be performed by and only by Consultant. Consultant agrees that it will not (and will not permit others to) violate any agreement with or rights of any third party or, except as expressly authorized by Company in writing hereafter, use or disclose at any time Consultant’s own or any third party’s confidential information or intellectual property in connection with the Services or otherwise for or on behalf of Company.",Payment,Confidentiality
"Executive will execute the Non-Disclosure, Non-Competition and Assignment of Work Product Agreement of the Company, a copy of which is attached as Annex A hereto and made a part hereof (the ""Non-Disclosure, Non-Competition and Assignment of Work Product Agreement""). Said agreement shall survive termination of employment hereunder.",Confidentiality,Non-Compete
